last_work_place;title;href;count
Спортмастер Россия;Аналитик;https://hh.ru/resume/0016a5470006a0ed1d0039ed1f76536539544a?query=%D0%90%D0%BD%D0%B0%D0%BB%D0%B8%D1%82%D0%B8%D0%BA&hhtmFrom=resume_search_result;2
Спортмастер Россия;Аналитик;https://hh.ru/resume/e9e8cbad0002a4d95a0039ed1f6a765632684d?query=%D0%90%D0%BD%D0%B0%D0%BB%D0%B8%D1%82%D0%B8%D0%BA&hhtmFrom=resume_search_result;2
City Nature (e-commerce);Аналитик;https://hh.ru/resume/3da473aa0005f184b80039ed1f6a6d6a6e6654?query=%D0%90%D0%BD%D0%B0%D0%BB%D0%B8%D1%82%D0%B8%D0%BA&hhtmFrom=resume_search_result;1
S7 Technics LLC;Экономист-аналитик;https://hh.ru/resume/06852c030000d2bda60039ed1f6b653243464e?query=%D0%90%D0%BD%D0%B0%D0%BB%D0%B8%D1%82%D0%B8%D0%BA&hhtmFrom=resume_search_result;1
ЦеТК;Аналитик;https://hh.ru/resume/f168062c00018d079b0039ed1f656d654c6736?query=%D0%90%D0%BD%D0%B0%D0%BB%D0%B8%D1%82%D0%B8%D0%BA&hhtmFrom=resume_search_result;1
Управляющая компания Property Management Group;Аналитик;https://hh.ru/resume/72b030f9000318a70e0039ed1f68447078416a?query=%D0%90%D0%BD%D0%B0%D0%BB%D0%B8%D1%82%D0%B8%D0%BA&hhtmFrom=resume_search_result;1
РОСБАНК;Аналитик;https://hh.ru/resume/836193040003fb10e60039ed1f586748375737?query=%D0%90%D0%BD%D0%B0%D0%BB%D0%B8%D1%82%D0%B8%D0%BA&hhtmFrom=resume_search_result;1
Первая Экспедиционная Компания;Аналитик;https://hh.ru/resume/eafa56ba0005659bba0039ed1f6c5979763765?query=%D0%90%D0%BD%D0%B0%D0%BB%D0%B8%D1%82%D0%B8%D0%BA&hhtmFrom=resume_search_result;1
ООО МКК Агора;Аналитик;https://hh.ru/resume/b55cfaf300057546880039ed1f5630384e4962?query=%D0%90%D0%BD%D0%B0%D0%BB%D0%B8%D1%82%D0%B8%D0%BA&hhtmFrom=resume_search_result;1
"ООО ""СофтКорп"" 1XBET";Спортивный аналитик, аналитик, Букмекер;https://hh.ru/resume/6d60f1480007de8f640039ed1f316c454e7467?query=%D0%90%D0%BD%D0%B0%D0%BB%D0%B8%D1%82%D0%B8%D0%BA&hhtmFrom=resume_search_result;1
"ООО ""БК Фаворит»";Спортивный аналитик;https://hh.ru/resume/7bf1294200077fe9ed0039ed1f4b5639516966?query=%D0%90%D0%BD%D0%B0%D0%BB%D0%B8%D1%82%D0%B8%D0%BA&hhtmFrom=resume_search_result;1
Монополия;Аналитик;https://hh.ru/resume/e59dcc0f0007dca8830039ed1f6b4a52504d4e?query=%D0%90%D0%BD%D0%B0%D0%BB%D0%B8%D1%82%D0%B8%D0%BA&hhtmFrom=resume_search_result;1
КБ Стрелка;Аналитик;https://hh.ru/resume/84ec64220006a8f9dd0039ed1f33436d7a6b43?query=%D0%90%D0%BD%D0%B0%D0%BB%D0%B8%D1%82%D0%B8%D0%BA&hhtmFrom=resume_search_result;1
ИТ-Контур;Бизнес-аналитик;https://hh.ru/resume/8af515e40007dc28440039ed1f636467414257?query=%D0%90%D0%BD%D0%B0%D0%BB%D0%B8%D1%82%D0%B8%D0%BA&hhtmFrom=resume_search_result;1
ИП Круглов;Аналитик;https://hh.ru/resume/ef61ba6b0004fc0dda0039ed1f4d4e67474152?query=%D0%90%D0%BD%D0%B0%D0%BB%D0%B8%D1%82%D0%B8%D0%BA&hhtmFrom=resume_search_result;1
Департамент Информационных Технологий города Москвы;Аналитик;https://hh.ru/resume/10136a8c0003832bc60039ed1f48594a506268?query=%D0%90%D0%BD%D0%B0%D0%BB%D0%B8%D1%82%D0%B8%D0%BA&hhtmFrom=resume_search_result;1
Ватком;Аналитик математик;https://hh.ru/resume/39f1c38e00038d2f090039ed1f336f4a787837?query=%D0%90%D0%BD%D0%B0%D0%BB%D0%B8%D1%82%D0%B8%D0%BA&hhtmFrom=resume_search_result;1
Аналитическое кредитно рейтинговое агентство (АКРА);Аналитик;https://hh.ru/resume/9cd09546000543f3bb0039ed1f71526c377447?query=%D0%90%D0%BD%D0%B0%D0%BB%D0%B8%D1%82%D0%B8%D0%BA&hhtmFrom=resume_search_result;1
"АО ""АТЭК""Краснодартеплоэнерго";Аналитик;https://hh.ru/resume/1990a0040007448d150039ed1f314c57566f57?query=%D0%90%D0%BD%D0%B0%D0%BB%D0%B8%D1%82%D0%B8%D0%BA&hhtmFrom=resume_search_result;1
Центр электронных финансов;Аналитик;https://hh.ru/resume/7bd779020003d7fa120039ed1f7948474b5141?query=%D0%90%D0%BD%D0%B0%D0%BB%D0%B8%D1%82%D0%B8%D0%BA&hhtmFrom=resume_search_result;1
